title,link,company,summary
BioMind Data Scientist/Engineer (Relocate to Beijing),https://www.indeed.hk/pagead/clk?mo=r&ad=-6NYlbfkN0BDUONq67HhOc4QpYhnHoZOj267ZNnFRzPdIWfi6_lB7WL0Km0vLRE332Nt2Fn_bHGGBLr_n6YeiMt87iyVZeyvxPsdiI_7ET2nxgl6DexJOBUZj_Kw81JAtMhoFYCgE10cgCiphKUNWzV72TQCxSRvTg7wHKLnH3Hp6L2jrT3a0ox3WkSDP3f6tGvsgLNV6YBxrrITmMBQiqqgPjr1z8JJnBwwNFK1MgHOD10hWYEbS8241ejNqWaebhLmMuUrp3oQIIGYZn-SzyF_7Dzp_WupU03NsTmdgcT19B318aIapW2QuBkALq1Oualrv4gpRQWeiCPU6CV8TXPzqh9PELiuyw9C4p41U_Odba_6v3eP-YoThd2DietK1dhjLquVmfU7hXnMIdwpPzj7WOUPlL3oq-yjKuEegRjQfsvOkdZgpN3ZMAovEUoCNHgDDIW0paFXZigv9fKBqCmCg_TRUq9jaOAzFpSw5JWbIRzzAGuCHXQhXLXpnFRRs6rxK5xYsRg=&vjs=3&p=0&fvj=1,biomind.ai,"The candidate will write high quality model with high performance and good memory management, together with state-of-the-art accuracies and embed into our..."
Software Engineer (R&D / Product Development),https://www.indeed.hk/pagead/clk?mo=r&ad=-6NYlbfkN0DeDQaCCNH4TVQJq2yzNWktIJ0vyeJr6KV6n_kEUXRmuN6efMoXsHwol5Fws6Q0wE85CS6xFAnFXlJmpmjuNunXfCIpx6O1qGbaAnOcFl7xBHan7KK-x_6W99ZFRb3nKz8fgwELef4r1lCN-vb7A0mvImhwwOQua0EXuMdeD8Rk0XDzf8Uc_wGpW_QBdZpzpZlSZKzunqBLEM9wA10huTjOVd7NMk92QMtSxO2Tw6NDqdI6bBNGGjyXGSMCDzakyw1Ntl7iTQht0iSGiFlqipJ-lF-8xmv1eyaRoD_2I6J-QVefonYzjvqHr_z9ZVtRTcJPLX7xIhLDBKcDPfnO0PjP9tkR13DxbkgukS-Q4LUmJfOmG-Q9EqFHA-CuTFpMZv5Q2D-Rxih63aJFqcdt7Eaf5Ms-N-zVKcFts_l1mg1qh70EfZojEQcujKI1wEyezfKiFZka85qQ5oYYtfuwCR6WF1Ou2NQbRpP4obSI0KOnPw==&vjs=3&p=1&fvj=1,ASM Technology Hong Kong Limited,Responsible for semiconductor equipment software development. Integrate with machine vision software for alignment and inspection in micron scale....
Software Quality Assurance Engineer,https://www.indeed.hk/pagead/clk?mo=r&ad=-6NYlbfkN0B8IW0wFtu6RAPOsXwf_eai0DMUdVztEsE9a-1HC_Z_y-87E8fUAP1px-xUXoN99whhPcqKRo0JDfn52bMfP0CmRd5Rba17uWa2zWr6fFUdiwOzTAZ0C_yuGEKz1PIRg6mjj20KIcfQs3I7w-d58HM9uvSXyv9Cn_jPy2lnmIsVqvH3a2spxF3fziiCzu5IA-UPO7oaIcZu9K2iX5qOHlfE31OcaeIorzWxjDede_PWLoVq10BLUgwCZMYXl60cPTuaBvlziLlLVu-cetQdeQeTrx4wmuNlAhVnx2MlqEWMvvBi2DiQxTsQ6_NJ7DeJuufOrnqX7fDgSB9QssN9OL5WKq4qdGuq2bucj0zJl9fP0DugUTvYUhSFu7qng5yzyoqXshaSZ-ybmxc2ooZmMpRWvMYa2Sajl1uKrzCbF99or7axn8uXypOLtP3e9XF0I1URa3uKADDBQmi1GYkVv2dXK5c6tJ-RuII=&vjs=3&p=2&fvj=1,Asia Ticketing Limited,We are looking for a highly motivated QA Engineer to develop and execute exploratory and automated tests to ensure product quality....
Software Engineer / Developer (C#),https://www.indeed.hk/pagead/clk?mo=r&ad=-6NYlbfkN0BBhZYZZ7bY_Q2-fWzXB8nQYCzWpr80zNz3fSsAHgtb9q-7wlKkIieoG85tHChHuoRBX3rYgBritGy-YOFgWEICbedcv8qed13GMamhlkwrdkvfEJCgQMygLzgUVhHvPPmth0hCjQxki747mKjMIYRv5DW-4WOor5Es6nPQrln57MrhLqNx98d1STssLhUq_bZoJ19PDPoUoEg2JlBPDHU1Ix5q49_FCPVgFXNPdzQBSKhrigrl7mAdxBu1H07TpbQXefvT00H5mvlJFQy3YRfx586QvymY648q3ujZIc58YewIUKulc0HdUW5MlaBex2gBsyGI_HLmw3KDt9KyJl3fiEd2Y_ufirRm9eJb3pGwF385KgL9wV1Qv5NgJcvMzhcUsckYjcFVeDiEUfeCWXEMmtofXarE3Q9HPHAvQSJSk7hqz_XfOtVEkn6lyF5K1bbpcrwkS-62tk1QdZrCih3uMM9xZ1IH2BldtY-Z3e3YKy0CfAeJsPyoIHsvqUbksj-ddbpmqHM3BqJ5vTRp4HS-RebKc7-_UhIeF9a2expKFb0JAGmRkc-cnr_xouEKmHb9X7NEvKgptsyI4sZ8tSmt2eZ1pNKd191y2JbZqR5k26A7TjU_Jd2FNcs_DrimePor1OvWy4z2v5o-A8i-SCDMBu6205h5B-L9b27SMAFovESBJgIMRUPHvdpzNhyvPaPJuG-DjOxuqT0iV3q2Khg2VCCUD74vkQdMgP2PsE-GWCLrigkG3wfOjVZbumHcyvYltQF0ju9KtpxbRyKJHOK_fBw7lhkTdugElebrGPU82dZdM1LQV96zcRrDBTpOp2XjqHvdrDm_KmDr-iT7XK0w&vjs=3&p=3&fvj=0,Mainstay Asia,Work with other C# software engineers to deliver high quality software according to timeline. 5+ years of software development experience with strong technical...
Junior Programmer / IT Engineer,https://www.indeed.hk/company/Radiance-Tech-Int%27l-Ltd./jobs/Junior-Programmer-78caf4981cc231a0?fccid=88ce262981301740&vjs=3,Radiance Tech Int'l Ltd.,"System software design, analysis and development. Responsible for coding, application implementation and documentation...."
Technical Support Engineer,https://www.indeed.hk/company/Seekers-Capital-Group/jobs/Technical-Support-Engineer-b258829cf55739f8?fccid=f739a8d0ed102c38&vjs=3,Seekers Capital Group,"Liaise with software vendors. Services to the users including hardware, software, system and related issues...."
Front End Developer,https://www.indeed.hk/company/Great-Union-Human-Ca/jobs/Front-End-Developer-5524c9580b721347?fccid=c42fda871aef5dd0&vjs=3,JobsRnR,"We use the latest technologies to create great software. As a Front-End Engineer, you will be in charge of your own application projects, as part of an..."
IT System Engineer,https://www.indeed.hk/company/KaiOS/jobs/IT-System-Engineer-8f38a71cff059f6c?fccid=1a71f05ed9745d92&vjs=3,KAIOS TECHNOLOGIES (HONG KONG) LIMITED,"Provide daily technical support to internal users for desktop systems (computers, software, printers, network etc.)...."
Graduate Geotechnical Engineer,https://www.indeed.hk/company/Jacobs/jobs/Graduate-Geotechnical-Engineer-f4c4867f57a178d9?fccid=de56d7554bea5214&vjs=3,CH2M,Graduate Geotechnical Engineer*. More experience will be consider as Assistant Geotechnical Engineer. Ability to use geological/geotechnical/geospatial software...
"Asset & Wealth Management Technology, Core Engineering Softw...",https://www.indeed.hk/rc/clk?jk=be1d4ecf40ffa8c6&fccid=c46d0116f6e69eae&vjs=3,JP Morgan Chase,Hands-on experience of building software solutions on Private Cloud such as Pivotal Cloud Foundry or Public Cloud such as Amazon Web Services (AWS)....
Senior Desktop Support Engineer,https://www.indeed.hk/company/BGC-Group-(HK)-Limited/jobs/Senior-Desktop-Support-Engineer-b74fa0b63a2cb17f?fccid=01ce1daca195dfcc&vjs=3,BGC Group (HK) Limited,"Hands-on experience in all-rounded technical skills on desktop support and, ideally on server administration and software and back-end administration...."
Experienced PHP (Laravel/Symfony) software engineers wanted!,https://www.indeed.hk/company/PALO-IT-Hong-Kong/jobs/Experienced-PHP-Software-Engineer-13793949f13569bb?fccid=4c76a0b541dce81e&vjs=3,PALO IT Hong Kong,Have 4+ years of Software Development experience. PALO IT Hong Kong is looking for experienced PHP (Laravel/Symfony) software engineers!...
Senior Software Engineer,https://www.indeed.hk/rc/clk?jk=6b0d3df6721776be&fccid=b85978a1eb01aa1a&vjs=3,WorldFirst,"As a senior software engineer, you are expected to simplify problems and create abstractions. Modern software engineering practices...."
Software Quality Assurance Engineer,https://www.indeed.hk/company/Magnetic-Asia-Limited/jobs/Software-Quality-Assurance-Engineer-a957f07b3069fd46?fccid=7af249aecdcc33d5&vjs=3,Asia Ticketing Limited,We are looking for a highly motivated QA Engineer to develop and execute exploratory and automated tests to ensure product quality....
Junior Java Software Engineer (Multiple headcounts),https://www.indeed.hk/pagead/clk?mo=r&ad=-6NYlbfkN0BBhZYZZ7bY_Q2-fWzXB8nQYCzWpr80zNz3fSsAHgtb9q-7wlKkIieoG85tHChHuoTsIPOZSLzIY3uynARd1cU4ifY5aOBjeVRK74lM4mtTrrJYhxivkKRsVihhAbJcEPoYNge44hl3nWd_XfDuJ5EpTxiudaaoVJ5vv36lQ3kHQE7rR2dWaEstcTVcUkQ5KoGMT8HcrR22X4KCg_Fh3BzTB60PgyWUXg79bMw-ucc_-FESWikrdxhiBGnnB61duiSGxSfk2mJCEuG_01facR4LoukZ_yOpjnF-yeTlxjTtTRShtOq5-3UWddd23Jdl8R8ph_VAe0RaJxqVgm5ZPZXOj0hBsNCYf3WZKFk-ZYYTlLlTJzR9aeRzAIBXwmaoV3LYRpa2JlEmb8MoOzuHmTvytfU8JN6yWLyFzZkxkqzpIB4oliTKb-ew1tvY7hDWeNfOVogMkZddyeuAWK9Y9GAonYQOXA6bCKZsNbWbuKRraAVLDSW1F1HwKCzRBkR7ElJJqwGwkZQAusmskKoxBf1tKxcGrcqcRz5Bol6PmPWxb6wxRCmvYoNKkTp7A870jBCz2F8YdgaahhBUspLxLO5oNXta9EodZBEVXHfdpbvtLsAOXDekSqNYNp-Ryg7Mpg44XgCaTV9zIJc_zMdYreVK476JCLGqbtoltjv37GgzX2zUUDGiecZjgF_PLgK-A-ihLsHwzuxsSvjdYu9aSJ6q7kUU-0dZc5t9GOfa6iO9BwT0daPyk1pyjytJC8ya9tRwF3pjLriTHZFTYOSL3jscHG8RaiOJ5FFE-5SsdeHDlDeGTC41b5XCkhwWXoIgAy2v-U0ALMBnR2jJE8iZAcIvl5WJGz6ZMjdeL040Ka16efevcTqKcCNO&vjs=3&p=14&fvj=0,TEKsystems Hong Kong,Requirements Degree holder in Computer Science or related discipline(s) Minimum 1 year related working experience in web application development Experience...
Embedded Software Engineer,https://www.indeed.hk/pagead/clk?mo=r&ad=-6NYlbfkN0DeDQaCCNH4TVQJq2yzNWktIJ0vyeJr6KV6n_kEUXRmuEmNS2ZRNi9PppLP5ckIl3WWhQuUaQnDc-e51rXv-GEeDhj_ipuXLFSE9OJZPNdp-EC_mo1TVIrDa6_I_60jDwUJC9S3UWRlsoasRoF-08ExZmqYTbZth43WrMyVGN8hIChFhceoHUSzG8KNxwOfAt_2UIXx6Ndog09Iz07vUR9zD9SFZM2cthxOtPKTdBlDMX3AXtJag5kPkL6z9IF6CMR2a3ZfPzSfpgfYcNVFCgKuBdnnWarxD9QxlQa3acaRymnR5CxfxBpsrWn9OHrTs6zxBoFHx-h4_uPzAlVF3nHAbLn-q3V9woGWxgMn7NzUY-kKAuHrHLML5xdkzcVU9P8ahMVx1FW4vjqai399IDsQEu2LpIRZy8HzyCtMiz5RRpMs7t4diRyo818hYaUQ6kdBZId5YDUpTza8EAK8BQmI&vjs=3&p=15&fvj=1,ASM Technology Hong Kong Limited,Bachelor or higher in Electronic Engineering / Computer Science / Software Engineering or relevant disciplines....
Security Engineer - Virtual Bank,https://www.indeed.hk/pagead/clk?mo=r&ad=-6NYlbfkN0BBhZYZZ7bY_Q2-fWzXB8nQYCzWpr80zNz3fSsAHgtb9q-7wlKkIieoG85tHChHuoRu6VJOfJRCi4eowYMd4pduKP8XrGOD1kXmgaHglAmf6uidbNIRCEcSPBf9nk8g9k8SSpw5q3W84UDVt-h4XFDavSEUEYmMOabCsWS-B4glysN9mvLP2ArRXn-EIgPI2YSfsjhx2ojroSeTkWsWZo8aPE8cQhCSak2yh-8ZsvIjrQ6TnobQ9KxgqMwunTKw0dgj76-sGB2QNpq_liqAJZDaIR7gd7-0mzO_M-Zc_mF0y--MztX3OOtefCmByuXPf83ccxv1SrKCpBBmAcWKP54kLyFqAEyaY6DiwXzNQnXYY9ZopStllBhRXjI4ARngCKrGqvpK7muCiWD2_cqJgmqew0gcbBtjQrTgKvDOn3juMkFbDONTdoGi1UHi8oXE4qjZocs_HjGx0wROICG9AzXWWY5azWBixrx3M3mikujcU5w5xWp3fGitOk6XvqczcJqeikEB7SeWgDBmCJMM9YiUU_KXASt9i_fbOPuOv3VMNWglR0bkyjCzAFYQ6nLRonjAaJVJ89hKwlxElUIpF0jNkvL0fIOwydgQyAhZbbA_aC3gmZZzWIT_MyZ_ISK7ErB4SwCvvMGnbSv3IgK86fgBQh-pjWKc8L_XIMGxhFrJqyT_gtzlGqx-sA7Sa620aW5-pp0RQJqSYryGXRw7UT4sd0CKjyzaE5Tb1O2q2-87gQL0lNf2FnSeWYWnVJtNiJnwIqZpmHaq8AVoQhXYdizq-q7gywhBTKREywTIAliDXWTyFhKqcl4mhu6mED-YPAfSyrTTW_E0uzT50mPJyoRaSBdbIopZfz0=&vjs=3&p=0&fvj=0,"Pure Hong Kong, EA Licence No: 12S5954","Knowledge of anti-virus software functionally and capabilities. Perform daily vulnerability assessments, threat assessments, mitigation and reporting activities..."
JUNIOR SOFTWARE ENGINEER ,https://www.indeed.hk/pagead/clk?mo=r&ad=-6NYlbfkN0B8923wdJEOWFXnhIUD-7J3ix2D-onsxj5k50ooZ5eszwv6H7Ug3nSwIbYzJ4SSSJIUFLOEDBgEZ1NzJCbvlNguwKTVNgcCoINQIWq39RbGihklouGXwN8bh5tygkgak8eGPz_i0hNYH4JBcoA0mZzPlfiejnbBehHQhS2Q2k68qnYHPN3Lc3U5U7scVl39bOinPKLX2p-UGAqwj7tOskKWGSKQwa2mnl_DoX8rQHEBSvvxVGH2MrK_Zt4MJkbDBbThP5OxL2IEK362fzi_hUrLlDWLpg01DYRKxKWF-_LFfRgaOGu9AZsKCX-XWIWg7Eweevb2KZZ613TvLurDJoCW9y1JDsMNXphns-mHmpcCOOqyxdwmz_D6i0G0oh9c-j0YzPl2l9iKX1XfdOAnV8Jaj4Y-wEldWLNQot7FwrvZT1UGPN5NDNQPwBA0qMGGjcD0dmoiqWUPZXpg0IMIrCJdaP_pcdee2ShWUP1NkdQLEIsCiCP00TZMNcOKjt6MSJrc5WOjhs4JVyP7ZlWGtPUlP1qHaWKKwSTLk_MNdKNWh3H3K5jW8XHXZu7aFtSZ22iU8w7f8hl8w34QvJPQwIp3IJirNaS3dQaA9L265ztAEwqgAnAR4goKgKFEbyrxZtPOAwklw1Wjbg==&vjs=3&p=1&fvj=0,88JOBS,CDI  100088JOB88JOBS.cn 
"Senior Software Engineer, Business Transformation",https://www.indeed.hk/pagead/clk?mo=r&ad=-6NYlbfkN0BBhZYZZ7bY_Q2-fWzXB8nQYCzWpr80zNz3fSsAHgtb9q-7wlKkIieoG85tHChHuoRazb3PVRd5Bs8MhIlpVUQJzl0jqahv_rlXUXdXvnXV699qplgvwYyH9hJBN0oSuTHkWK5nxeLo5YbW5lm8j88N1WLz9hBk-ifCemo0-uxJjV6lZLA5Ay_L-tnqMyZiO16PdX2cnMJ_id9JZ9G8jJ3BvtR7_fAPCbJ1RJeZNsPxLxzw0JoAjBsdDNdW72wbHrQIIBo2Wssc-VEfOr1lznV42Sy6bq_cqmlRfYrlbDWIsCvKU1VC7cBczsBlIU-zhfGo46iQKDiF990ScQmY4MbKk5R6Htc_2dLlHq1XJodR_lInHBq7Ij4p2muY1jNiGklrGiQwm46GshgWcc25R9s0FuEMNlldgB_6aTlfGfdQ54kGviubKVL2E8jVQ0xYwNL-YUHf9tIXpOCrlsLdc2z54iGk856aPFJQwHb17ruSVlko4SifV903nAnNTolC8rHwWJC14OnhVkmaWlryXDjYtceyUdG-QfkxUWGessKsdKPT958Kr-WzOL799aj0Q_VH8gPMCXi-ShSH9sprHOpxM1AFg8t_C3h8iofq9bUXW4YdPBbIaWRncAEmCuHJKFPvf1e12aMHzHBSKNqWeqvDPiBGoC1QPuaBWroEYSHm5BrVV2TNfzIKkojoc0LtZHVQUKprdLpr70p9Rf0tCk2W0o4nPB0Z9L7cPh_ciRxRx_5Tl1UM5xHi7VRWtK4_zlMFOUdKRPOlyvA9HmuC1fyvwi5CByjP4xhkociImwMhlIoXiyWkbGkClXO0I0m8fpGzW-cP-g5RSaY_UJmyC2MlqP4H6KqfWHxhEzawR8EcxstOHjIHJmD_&vjs=3&p=2&fvj=0,Bluemont Consulting,"Solid experience in Software Design and Development for enterprise application projects. Bachelor Degree in Computer Science, Mathematics or relevant..."
Senior Quality Assurance Engineer,https://www.indeed.hk/company/Seekers-Capital-Group/jobs/Senior-Quality-Assurance-Engineer-a27f4c2b77c881ac?fccid=f739a8d0ed102c38&vjs=3,Seekers Capital Group,"Proven work experience in software development and software quality assurance. Strong knowledge of software QA methodologies, tools and processes...."
SOFTWARE ENGINEER,https://www.indeed.hk/rc/clk?jk=1e21890625797806&fccid=8890e369e0dcd2d6&vjs=3,BrainStormHK,Experience on mobile software development on either Android or iOS is a plus. Roles & Responsibilities:....
Team Lead/ Senior/ Junior Front-end Developer,https://www.indeed.hk/rc/clk?jk=9f8634a649dfb232&fccid=0a44471391b8b4c8&vjs=3,Fully Union Technology Company,"Lead software engineers to deliver high-quality software according to time schedule. Software design, system development, development testing and deployment of..."
Project Engineer,https://www.indeed.hk/company/Honeywell-Ltd-Hong-Kong/jobs/Project-Engineer-79a3f1585b3e993d?fccid=fc94638efe1ab0f9&vjs=3,Honeywell Limited,"Experience in computer systems, such as, Microsoft Office Professional, Software Programming, Computer System Networking, etc...."
Senior Programmer/Developer,https://www.indeed.hk/company/Jointak-Group-Limited/jobs/Senior-Programmer-Developer-6cb5eadeddfefcf1?fccid=035e1fa31d1285af&vjs=3,JoinPrint,"Liaise with network administrators, systems analysts, and software engineers to assist in resolving problems with software products or company software systems...."
Software Developer / Software Engineer (JAVA),https://www.indeed.hk/company/BAOXI-Technology-Limited/jobs/Software-Developer-5c808efe936f52b9?fccid=085fdb8e5d581668&vjs=3,BAOXI Technology Limited,"Responsibilities: * Analyze, design, implement and support cutting edge web applications across a diverse range of products * Prepare and maintain system..."
Engineer I (Engineering Systems),https://www.indeed.hk/rc/clk?jk=ff857eb32fc0e816&fccid=1ee4ec4da71f754d&vjs=3,HK Electric Investments,Engineer I (Engineering Systems). _ A minimum of 5 yearsÍ relevant experience in design and implementation of application software....
CUSTOMER ENGINEER/ TECHNICIAN,https://www.indeed.hk/rc/clk?jk=61be0983ccad27d0&fccid=f7ddc1488d264f97&vjs=3,Rovertech Limited,PC hardware and basic software installation and relocation. PC hardware maintenance & support services....
Mechanical Engineer,https://www.indeed.hk/rc/clk?jk=461e84e8326b0ba6&fccid=40e88cc46c5b4b51&vjs=3,Ramseier Koatings,"Substantial experience in mapping software (2D, 3D design software, non-standard, automatic). Male or female, aged between 28 and 45, with a college degree or..."
Software Engineer,https://www.indeed.hk/rc/clk?jk=98553b2bee3f3c9b&fccid=f61d7502194bc65c&vjs=3,Optix Sol,"Minimum 2 yearsÍ relevant experience in software development. Involved with the whole system development cycle - architecture design, software development,..."
Network Engineer,https://www.indeed.hk/pagead/clk?mo=r&ad=-6NYlbfkN0BBhZYZZ7bY_Q2-fWzXB8nQYCzWpr80zNz3fSsAHgtb9q-7wlKkIieoG85tHChHuoQozJpomXrJdDbu-pnOdoPGzsYH4YPavsEiRmwq6P4JiHOi6GrSyWqxa9WzCRqqAKd_Rk-1xUusGHRI4Zcud_-miD45_Nw07y7QDdKjkbD3EJ3nZKdOB9PpzFoXaSHZf2rmV5Cd2ho4Jw66SnybHD5vAs_KE3tc4nYxFEuc-rNQhJMhsRv2A6WeLyVg7y5-IK0D-9BXqnvazlQTCMx2hSpktn8HwrHpqiuKYOwlIAG1U9V-PsXNPC-p6aIl41MD5n6LxNurws7vQ5uU1gzm_gn9q2-LlGRMsUURS1iVXIlPZELaX4jB6Ds4_10FFbLMTOF2W1NyieaNm3wm4VC_GU2Y5hbddPn1X7-NTbBON6sY_PgRqAGC9tXpHpKcl763izdytgr4ioloMpCUmP87CfZJwcOfKpxMeB4MILl6wpLT1QCLER-F7aoVOzSfQmhE0YxVHxk2MBhp8oWK52WulpMDEfpBRG5_UI_oHn2oZGLdb3dANd7qSxNTm-lNR61Lxo4MFK9PUE6WCznUg3UMouv2zst9qrsoXJ0SWNpgIylvtP4v1rGECFX8g2H4sYHDYKE6_2EfdZjp7A1G7OWl8j9skKs03_oRjPsftNKzJHIyS80IOEDqNx6kzDD01wRJWfzTH9dmrqDg84muJXaSzakxDlKYx6MluZUIYYywY721nHSItJQmFAFg2fqrfdC9fSKs9ISBGBOXgYURuIWQjguFRDPb_dcnf0bOsSDFGaaIPXmKrJhJJ9HjkA54lH726RDeifS6TuIwng==&vjs=3&p=13&fvj=0,Thakral One Pte Ltd,"Cisco IOS software including exposure to IOS XR. Cisco certified CCNP, CCIE with extensive knowledge of...."
Software Engineer(Yau Tsim Mong),https://www.indeed.hk/pagead/clk?mo=r&ad=-6NYlbfkN0AMuD6leFL2LQyShjXlW-_0CmOvDvwZ81xsEIpB6r-nL_yWVFyNGcKud4N7pUx71AevPO3276hMgG8jrcDXhqoRe6cWsgkW5ZElsIH3aOCk2ZRHf5NeE1y15n9d2Wik5QHFsZHHseG09VuOmUYzy6crt1DcpH0_wpBWcAj3CxHLF4NsKeEuX9z_hegAsfLmIlzGV7rsmFkuQVl1AuvWtOfve1JfnH0hAnEuWjIBc_b90MUjD0CDEZWANbDue9ZoGjIPnx0ILWHmqoAjlBnkefN0D4Ml5Iw-6H7vxG0NFL7CR9fcSTu1IC07zTQN_olKg4AMBx-9237jLwun3lodXVTtbh5azT8BNmbD3dNFHj575JwUni1xqRbrS2Ob3De7jxdIwIfbv0ijGMGlL3UBLAm7JX4S-RCAOEY0V2EnlKImLGX0GQ4RBk0nO1nPiI54s6J3vPLhmxUjYe8fuvlyVSBVJpPk55XQu7OVySpXSghqIazZcYQEJOkRBFkr85KIe9CqN4AA1TE6jWVrSMMs6qI9CnnCfNiwPsZ9PrntfsmEvwss6t2uUGSr0rbOtoHXJuYMIWSpIFZjHHyiNy_6Q7qSmfxcgQRDvas=&vjs=3&p=14&fvj=0,Reeracoen Hong Kong,"Software Engineer, Programmer, Other(IT/Internet/Telecommunications) Engineer. Programming for image processing software with C++. IT/Telecommunications...."
Front-End Software Engineer,https://www.indeed.hk/pagead/clk?mo=r&ad=-6NYlbfkN0BBhZYZZ7bY_Q2-fWzXB8nQYCzWpr80zNz3fSsAHgtb9q-7wlKkIieoG85tHChHuoT6x3Q8vIEjdDok7Y2rD9RTgOYU9eu25X1WmJM0faub7UVcKXdSDVjC__xY9ebdQfdWOZxSBLrL5-7mVYYf8S5Uj6IOEgY9k48fl1itlvuKnM1vxcm7A8-fGT_9ZwO3Qtlh5W13_3ty83Uzv_0gv6pw8mMIlxUYZStYSnCPULb8K0nMhvXj2s0dMbTlC0qIcPT1m63Qvi4HIq45m_WncKA3uThK7ifnVWPPFd9LN8pTN6en-c_IY06ne8VEhH3swgV3IGInL4VDxjs_wODZFAIMtVRGL8zuWsnRhkyBAY75wXzcPvLHi7rAe0zIFo1zBMYwNjsdpa6KJe44PlzSgxgucv4MBzv6fSl_wYqK_f8ooOW4EdSBOZI8qqdL2PhJhk8Retc6NXpsVm88c_ZSbJ5udpWvFMWp9xGDS81qNW-KrXyZM8AtQa5ab47jJBKmr2i-ag4WAau1Fxhh9Xfxkj4C7s_t56D0eXwwl2if2DrfU0Yz3ZorlMNLd1VHJmk59Il9d1MJE1LXASl6vZ-zTxr-uknS_yBJjK28HK83Y8HpTiALGsCRUc6wGbhcrb8Yl8TzmeAVEscTmw92KQOXO07UgknHgUmOdhJ1zYfxUdYyPBR_0xvT80kfyewOkPX_egxX5j4-KQsMtT7WSg1IXAXVO3pSs_CkXJfpXaL7bn0MetdGKMGj9-k6NTFQvHG6ZYMyENdTaoDmUozC3HN8NKtB-rtLHuz9qK4vHMGoQuztrLxpCyFnFhNJsGtitqv0mTrQH3S3Jz9wUPFb9mhnhso1YImR7I4l_ao=&vjs=3&p=15&fvj=0,NLS,"Write well designed, testable, high performance code by using best software development practices. Gather and refine specifications and requirements based on..."
Senior Software Engineer (JavaScript),https://www.indeed.hk/pagead/clk?mo=r&ad=-6NYlbfkN0BBhZYZZ7bY_Q2-fWzXB8nQYCzWpr80zNz3fSsAHgtb9q-7wlKkIieoG85tHChHuoTOnKrF1rCOmbmCfA91PwY4ssD0UzIj228fvW_Rq-DuuEJBHPu31qWLSTFlIUmDEzSRKPKGUmSpZtKDjvgc7c8mXLD1ZfTcH5ZjMt_-vdTIuFfQwoNhnjeHYl5xqqJQvgm2EXyO9N8tn7YnO2n2pKbdQJR4QOBZ_GaHVlRF-Z2ItVU0bkpsL45okdFW-JcvbYCv2Kp9moF2vGtt21jKSYcM0XRz3ROwSKci0DzF3KJxhg0E0GM0Urw3TyeRHoSSJjkroHytHTjyJleUuaz8qZ4ZnFyPP1gpW_lV1VFomW23_5UZmdhmhTJD7bTTlleOpNRrop_FCMjeUJver2PrtPj48KVSigpguP1dIBlaVlx2D09OWQ7hCalpJlSa4ADqDyOvBxPmwS77QCEjVEadALphb-WkUNJnkrW85IuCDlLghingpwrqVR_93oK3ThmkwXBuaGJo_EKD7Ht6a_d0z8CdUavZ85-Yt0nq0-uIRuNHi1GCpd11J0SddTBOz5-QpYd8d5Op48jJhwD3O-dHU0zHggAxaWjnZdSnhzbY15TN875YX1eK2sMSKgSOhevfSDemF3ycbIG8FHfI4WdfPL9VTAGd43RS2vjZDR7GLa0xUZXK0Qm8J3nY-13CzYkqqdZ-6a82RazAcyH4_Xf-wWGkIhqjHUzGD1-UrpJWGd-yMqkDO5fFT6dyd0hhqVdBvBIrdvN9RkSi5gwF0cnAZLp8RVqHYq_pevQYMJBmG7VkFOiNdkiRv1_4V2FFInuyFwTcXYOOD_9VHGcR40Lbx2gi5EWmxUi7WIRK-rYVU4RRXQ==&vjs=3&p=0&fvj=0,Mainstay Asia,"Ben@mainstayasia.com with 'Senior Software Engineer' in the subject heading. Be responsible for delivering quality software which is robust, of the highest..."
Manual Tester,https://www.indeed.hk/pagead/clk?mo=r&ad=-6NYlbfkN0BBhZYZZ7bY_Q2-fWzXB8nQYCzWpr80zNz3fSsAHgtb9q-7wlKkIieoG85tHChHuoT_U4Blu7Xhtms5fbncrO5R-4Aa16yJLsCRhVA7AofOF0w0wwQ6PkTigkU9J5cfjkzJVkpTyP6evJM8kTj_DGVXD7OwgN8FMU2DhY1Cggx29asaZzz3-FsXtimk1P2v8bQ0PlC1-ABhCFfbvhLSG8vvP4BD1pEN3QRyvxuzLAXWfhGXTgg7Cu6WsJjEwYKviGRpuzn3SuypelljFYkNIK-5hae3o7cx9aadUpU0iBuasC8Big-_UOjwPoYIIpZYJenxS_08TDgGK579KrPyKjscFokmluvNBJD9V0YgN7Y9kIg5c0rFMVWRb7HQj-t3iV9or3EX8Wci1CnVipi24iPrm94E8c5Et5ZJNZWg6dLtIDWpBC60cnETyxNuDLx1b2YXBll52l3JkzuPhQljOgR0qeUeb-sefOBhy3dEbtySRPBkU16HCUu_-FqzHt8WE8QkQWf074XsYX5NP_yTHZ3gRhvU-u-K4W9I0CR5dyWhI35oFnq5vmQ3OjPqP6EeVaUMNKB8uRbsaZePloBf6DyxN7-2KZf3bE6ZLvXB4k4RhbkhDTaEgIV1y-e9c2F7tiPO_2e-aihL6UCm4XqKHFUAqCk_u0Cw0ouk9jT0y_xmE-18luCNYKoyMtucnRnW0EAnRLTCORtLh8zloXnn20FFjswOeArzyqHPjzUdU0dzXSZDguVVbevN7r943mJvex4xktkwKU-wQ4VnVVfV19L0j7OmubiTid_IizsAeOP_cYUIazM2vzszKCf5EQeRZvc=&vjs=3&p=1&fvj=0,Capgemini Financial Services,Work with cross-functional teams to ensure quality throughout the software development lifecycle. Review and analyze system specifications....
Platform Development Engineer (Java),https://www.indeed.hk/pagead/clk?mo=r&ad=-6NYlbfkN0BBhZYZZ7bY_Q2-fWzXB8nQYCzWpr80zNz3fSsAHgtb9q-7wlKkIieoG85tHChHuoQQR9v0QIoZxTjy0CrsojuItCm_9w8ykJLBGUDspIKUBZTb4reJuoTEn2M4rujHXVscUDQEDlcjqsPPOA0TerM9jMt9nY7bZWr_vnt8_-lTPptEWtDTd7_eohUX-JrjYgJuorhfMXAbKnPcM6pVhrxaSXpFLpm11_sWlWiuIxmJrClehN7plaTnk0sHR13NY_eTLQqEoJKSk4rcEB13K9t0bcBVveEEHloWtjxV8OseoFS1MQ8PGQTo4eGBXGNQtrH6FpNyhA6BCA_KsMrC8BkxkpceM1onaUtp8oOvwd138_UX5ZtwPNabSrQzBJaQ1gqc_pDPKy2Tt3q-h6NbkYgLiT8DViKc7DXy3VeTnYVbZGuWFewJ1xlx1ZvbTBdM8C88vorjHRFmO4po2Yt3XsWGf5aScACQqhEK1996GaapVDz6zgUA9gfEeBu44qBhONjKCOtJrL9fQGoNr_DgIGrsxn0h8LiIPj8JOTxOTA58_nEho_e2K7d1zGA8FQ6fmnzl2E777eyq3t0FOudbOdhy8WBL407uxY_W7Syp84Mai_RK9irYxr40nIoF3q0bjBEXEfD2U_Xtup5DggmPejVO8QA4GaClsQS0ghNoUXraF0t4c4Fo2_pQQDN8KAZTm7lCmGw6xWQRLofO9kowoIeDrthF_lxvhaF475r_-Rr1N1rG7mNlRtOPaCQlz4cXi90eMHSTk8KavoFzL-1JAkKne9HtCq-5rf8pVuvWpWQP2Eb10nb7-EUXao7HLTvaLZPJ2Yb8Zg-AMon0Ju2OPlpxq2MneXnxSSs=&vjs=3&p=2&fvj=0,Keyteo Consulting,Work closely with Platform Development Engineer and ensure the quality of the Platform. Lead the design and development of the Platform in Microsoft Azure Cloud...
Trading Systems Software Engineer C++ / C# / Java,https://www.indeed.hk/pagead/clk?mo=r&ad=-6NYlbfkN0BBhZYZZ7bY_Q2-fWzXB8nQYCzWpr80zNz3fSsAHgtb9q-7wlKkIieoG85tHChHuoRQJX-meN2BlL_r7XxAEWy-0BYvexd8C0982JQSxI7vVdrqPRdZmafYCmIUj05I0snuEYUH8BvZDdHiCV8KQtbdbIOHbbH2uPsFl9ZXlzYgTgVxg7gywh1nP_n1pwz5bOZ57ZoMwDzaN9gKjycDEWR9TiR905dNpG7iyq8H7hObFlrbW350Ab1vvfK0iHXIW4tUZzp3Ut6vzZi_dI-pUeeiNB-IBM3xf7hwiLnzf0QbDvY4kS6Y7_HS8ShQhawgEeaXrXFTn0GUIksGkuEzch_okAITIJrnytxtUJo2kNV2k1XbaJSv5dYaleIT4loOZqZwobIw0XxyUmtAURXvcwaumzSfiUYAfKYsCavME4Yoz3Crnydp3cghAEjFeiXuhS_0gAPrNBtuJuOJQ6InmCEp2eKL8Z6ixSoy20te0287P4huz2n1CPsIpArjsIJRH26PwDBp2Uup4IRi-tCaHNTnNR-ht5h2_PXEZrV52tBhvRqMcQnOQHJbQkW2UoiStY7dCX_IlCd9DwilTAMZKa49_aViheNpmGhklsrHWQ-WlaQWtSVZuh_nJ9GemckSuCNV8IByzmGPOTd8AK7Ykqk_5naZHZ09Sr568VdUgzGQeQ1LbK2ngJnFqEVV9CStGSrjGAZlXd87p3gK4j7LqEKe6iIjAR3I-SPJ31GyLFv2FLR_CwCW_py2Z2GnufmdgirSThhQ46-1mEYB1KqDg-3-ULiPeg-0DDX5aqmosIn_hcj1hUDjH9GTwVE61lXKtJegMZ-j3XndzUWqWcjNrg6Z-VxTsimlBXR5jH1kd-d8Bg==&vjs=3&p=3&fvj=0,,"Being part of the Trading Technology team, you are responsible for the full stack of applications required to run the trading business. Arrange from..."
Software Engineer,https://www.indeed.hk/rc/clk?jk=338ecf9a7eab2e88&fccid=780219885a6f6ccd&vjs=3,Introv Limited,Job Description To conduct client requirement and objective analysis. To assist in system analysis and design To develop and maintain high quality robust...
Systems Engineer,https://www.indeed.hk/rc/clk?jk=e388d1bb0d18c21a&fccid=236ee7177bdb2ebe&vjs=3,REA Group,"Besides, he or she is responsible of the deployment and configuration of software application releases in multiple environments...."
Data Scientist,https://www.indeed.hk/rc/clk?jk=3a4bfb3dbfab7277&fccid=7226bf9de22f37a7&vjs=3,Tessella Ltd,"Designing and developing custom software solutions or tools (e.g. Software underpins many of the solutions we provide, so you need to have some programming..."
Software Engineer,https://www.indeed.hk/rc/clk?jk=1fec5aeaf9c14ab3&fccid=9146fc7185220daf&vjs=3,Melco Resorts & Entertainment,"REQ603 Software Engineer (Open). As a Software Engineer, youÍll be responsible for crafting usable, adaptable, reliable, and secure software...."
Desktop Support Engineer,https://www.indeed.hk/rc/clk?jk=563bbe5a3c3eed18&fccid=9b39a3024d46d912&vjs=3,XY Capital Limited,"Day-to-day support and troubleshooting of core software systems and application packages. With the investments weÍve made and growth in the firm, now is the..."
Electronic Engineer,https://www.indeed.hk/company/Yau-Hing-(HK)-Co-Ltd/jobs/Electronic-Engineer-aa30dc49698fc176?fccid=3659b20a70ad8a17&vjs=3,Yau Hing (HK) Co Ltd,"Work with software team/partner for driver, firmware and apps development. Prepare schematic drawing, review PCB layout, prepare test plan and specifications...."
IT Projects Engineer,https://www.indeed.hk/company/IT--ec-(HK)-Limited/jobs/IT-Project-Engineer-337e386f82f23066?fccid=d9311331107912b5&vjs=3,IT-ec (HK) Limited,Hardware and software inventory check. Holder of Microsoft Certified Systems Engineer is preferable. Candidate with More experience will be considered as Senior...
Project Engineer / Assistant Project Engineer,https://www.indeed.hk/rc/clk?jk=78c1d81a20bbfe7d&fccid=64a2bcff19e2c730&vjs=3,ASC (HK),"Proficiency in MS Office and AUTOCAD software applications. Plan, execute and coordinate ELV projects...."
Senior Software Engineer / Software Engineer (ITES),https://www.indeed.hk/rc/clk?jk=8fc20e1987efb93f&fccid=f4bb736750dbd965&vjs=3,The Hong Kong Jockey Club,"Perform system design, development (including customization, interfaces, conversion and reporting), testing, and software release...."
VMware Systems Engineer,https://www.indeed.hk/rc/clk?jk=d8d7ecdbb8a03f1d&fccid=0918a251e6902f97&vjs=3,DELL,VMware Systems Engineer. Knowledge of associated software and applications. Provides high-level VMware relative technical expertise in support of pre-sales...
Sales Engineer,https://www.indeed.hk/pagead/clk?mo=r&ad=-6NYlbfkN0BBhZYZZ7bY_Q2-fWzXB8nQYCzWpr80zNz3fSsAHgtb9q-7wlKkIieoG85tHChHuoRQJX-meN2BlKnLoNcW4sPxJPU5T6jDdzZMlpP588HtJWGaRNzRPnIFYwcItBBwEWgDIrGJCfn9PH1KvVI0o9ul0BIYKJGIWVdbu9uZMKp7xESh87SFlbsn_iQGhQ13RZ_9_CyLBZee_d6TLf94b32VVOwtYdVgq28wzaqXEAacP_6YlvWVmsDq90HsjMFF8qWkGBcfR0P6Hs-rwHEmMA0Jf_0mZe9pt_6PnSqcorjf-X5Ohf02MZw_Ru2nvrqahk5r4Zg5dyCnjc_sv5Pheppnqh5y22sZ00WsYM_1KKa8q5X1WJbmOaLTMU5gb-DWBxs9alO5vnu2WxRFoKGvjjn16eluBzSYibCagLNsLH99ONYvKcdCXmXUwzwLLOhF-93OcF5xNlwYlL2YZZEz3dTm19n4XPKcH2bLKLb3j9QIUf_hJbUR8TuziXDBnK7oBXlh-W2kMM-W3vHQR6NDNZ-GP4OCZSoZdpCLOL875uoSbJ0rvDehTyTmWjq9_z16-1fQyxUgc2vYV8yQxAJI07MFELcFIXAsxyRZcHeYZdOxismqAW7cQ1LCeQvUxU9uRmxJtSO3vy0odVNLOtLuvFbTf7fw17ujJgfct7wN-Eivh67JP8yJ6dsURGJwOvMwa4pKCxCGm-rXdTEMJLrVy0bkJe-UCAgCQXUZFTzFCEAoXYNQCPtUQTYmmEUnNHl19Lc45pM34TBOD0xZlWIFLD4KZbsgeno5IgNRyK4xQuV0I5fSDJgdjvd_H_diNpn-VHA=&vjs=3&p=14&fvj=0,Huxley APAC,"The Sales Engineer will also provide post-sales support, including identifying any issues that may arise after installation which include but are not limited to..."
Software Engineer,https://www.indeed.hk/pagead/clk?mo=r&ad=-6NYlbfkN0CSte6oGGtDxh-7fhYpl3JUF32xG07cYNaxIIfxptA_Wgi2_nEAFSrMbNj1WHu8bcwg9Naab9KVy_ezm-73tZfqOQAZeFbfNrLGTu0VxmYqiq7XfCs6leK-mYuyPeo-aXEx9hc87wKmXGD25IlURc8lUL5S0SG2GusN0nQ1Hz7Ub5-am-kYBITFSAhW9e12X2OPx9SRVOJqPPBqr20jrz14PLVZU62mdJBN9up6pOPaAf4icn5uTCw5kta2iT4YspnSbs_NKC0jFk56QNbcgpmS-Q0EpCFoe6PeaFTX50e1sftb0ZB-ZinlBSx9tyEBspYcnAi87Nv4tRNbiO6c5eDw50QhFxjiR-uDTJz1oXFMuQDiZUXmZbagyscHCcgIlTQVdCU0S15TTxHs6s_puXhuHOV-BivQJiim-kFb5Bg47ngtxNwlXI08vAeq0YwgTkFmGcjjFZyyuHX3HpHfG63t3BFqW0O8BtIApWb7vbrVdcbQk9YJc9fSoNUSIvHPvzb_Kn7oixqOYOfTTABfWEB0JMdKiLBQp5VqMcm7skQVmdBOhd9g7E9VmlDlK9SJBL4Pc30lG4OHtWDlqhLXX4pR8zV1LSvn0wJ5VJAHvUppmppsAkFuXZiUj4WoFtgeCtSFEkfy1cnoWhrxmX5DeIskYwwgp7kX50ksNdGHgz_7brKroAWDqTHtIZUpAENCqc8=&vjs=3&p=15&fvj=0,MotherApp Limited,"About MotherApp Were helping people livebetter lives One mobile app at a time. Started in 2008 by an original Google employee, MotherApp is a Hong Kong..."
Engineer(Quarry Bay),https://www.indeed.hk/pagead/clk?mo=r&ad=-6NYlbfkN0AMuD6leFL2LQyShjXlW-_0CmOvDvwZ81xsEIpB6r-nL_yWVFyNGcKud4N7pUx71Ach6Zi-_ySvhdSJtOoupCl1fT00RMDDoBpL9AfBkoRrSF8IVeJMPMuflpHtuHb-bbcVs3mFLv0hIY8SJWyWvv7GJzrFXNHvKUCF_vvbj-qFYgeG8xrvMZJo7dMxqHkNtLGaTvOOw7jVcfypNzBHkbhA1jl6ca01GFWxQqIoZ4LMhZoC_O3t243c_xZWaO5CEGP9jZCXDFMRbjN6XnA4-si4bZKrpqNEec7PB3x2cUlguLBn8vcZnbCXjsV1cflow_vbootfRwN49Ezylve0pY6flWHT_6uyhOMOG2fATk63e6VeoK5Ql6JgI2bbtHjI2YUshDxKdZk8tZ49Jj1Ivi2lP8fGZZGpX8nE2zWJy_ULhYFi0sNsArEO4aFnrl1h2IK5wdMgiW8xhL5THomXIQIqyUSFke70OrgKUwoGWYpfljwEqfVH67uGIzcYTp1TYvpCEuBXm5xteX6Y9C_DCrdg7DB7nIxrMt2koUaKbxxZDxMirJFKh9HSeSqkjsn4EMFbCNn9L7FY29ZcTBuh7TccOmNIS8M8TlY=&vjs=3&p=0&fvj=0,Reeracoen Hong Kong,"Security Engineer, Software Engineer, Software Developer, Pre-sales, Programmer, Hardware Engineer, IT Executive, Systems Analyst/Consultant, Project Manager,..."
Software Engineer/Developer - JAVA/Python (Investment/Tradin...,https://www.indeed.hk/pagead/clk?mo=r&ad=-6NYlbfkN0BBhZYZZ7bY_Q2-fWzXB8nQYCzWpr80zNz3fSsAHgtb9q-7wlKkIieoG85tHChHuoTsapoSokd5MFhK_uiWxdMcnOxmW7neJIAK8EdY6-utgCHeaxgxmlBw-8uaBOLBAzpE6R7rj9r7PtZ71HvZlyDxlIu50-6T5hBNf10fc-4gj6cKJT72CK7Sm3ArZemJcUCNbXr34LSdX54qZNTgNEFPznVQ5JI-XEvD9JHn2YAuld2NgieLmS50vy2wDolH2SyfdXuAlSaJARYRo8lhKq-g_CvX3H72brC_jq_3LyBh58xnaeuaOqX6cthEkKpS82vdkScN8CCvoAvfXq_ESw7oXikuaDjl3syUAbnKZrhwJ0jHCUHuV2p2wESpeluWk_N012jfPTdKFkbu8yQDCkoagHW4_NJ28BCcseU0S71v4jqAJ43uCPDAetyyT54D5VCQl-3q7s9rwg-oo1iNL9z6_dQyt1vibTjLisnsjQ_-XW_Yofayt_9KQCC0c9-lPnFCmSStFCf5L27Cwv4seGdJYhf9JO4_U3-DM3Q4hm8cxVZL6MW8ZQJtXR6L6Ohq5POVwoOLoWRdsLyDuY7lNUYsm0sqdASXCY5cV5jNqCe0_iB2IlmO99pneSjSg2klgcoHOQ4_2XbQMOJby6w1sUMO1GA7qTQNepH6hSvbqp6LnIwBkxvqIyhqppZKKINi2BoYI7FfPaj5rydGAyCNuengqhNG0cY-JIiDAMNHIVO7oVSWhNV9pCJgLZAEyd86RFOikYt7IH-eSZ3zsQKA5cgNnUOSmOeOeBEEoqEhSG6SaM_H4-alJTJ7KTEqG7M9u3pSrtqSzj0owaC7hK_iEBcugl5YvZp8scuse5iCimkitr1I5DRwOOU9022KWbmAZ77OABaLFrdCYw==&vjs=3&p=1&fvj=0,ConnectedGroup Limited,Job functions: Responsible for developing and supporting trading environment in multiple areas Provide L3 support across the globe Assist in enhancing...
DevOps Engineer,https://www.indeed.hk/pagead/clk?mo=r&ad=-6NYlbfkN0BBhZYZZ7bY_Q2-fWzXB8nQYCzWpr80zNz3fSsAHgtb9q-7wlKkIieoG85tHChHuoRAcqMTeIJjjEkqQbA0IpDTLxs9eJhZItLgXaKyHE-fbK66nlCWzkvELtw_UIoqCwxp_5m5c--o37tFS1t-RBPNDU24KfeZC7XXoW30ieHwklYlMYeumzbTERV_aJfFGkJsdn0dr7sab3uYNWT31WcEKSM8q8ILtRxJY663CCRcTaQGGOWHg8V9Ca4Jx1TObggLViVYD9tQ4lqLzemyggrwoVMBkPz_6_-AlqpQiugu2LWufnR7qhyLN08kwlZpmo8lLmt6dK3z59I3oSBmKnvgPFPolUbvV9u1eziIZJb4OCFg0Xew3tkS38s_L3l-XPIudZFHRuhv8WtfyydAYFJ_a5VPV7kHkDBb1n_be7q231LaLUvC3QgdAOypGnrCFyLrNI3ZFte3YkxyqBCETidCZmh5CR0RiqLFvZK0o2bwcofpzverAZC1RtIKZZkOALyCgYfEUh1e7FCHlF8czzLIvR_MayiSxZIPEqCpggjbh0efmSNvqsEWZ2M8hlYCXza5ZRphTHBqFRQVyqABaeBuEjI6iVlC1tiozrHzB4HAUepgEBE6YgRhGNzAhfmnot-J-c61g8fcQxLzCTnTlRQtaatwNDzJYdAmGCLMfEPuH7VR-iC04TztxBOmMceXw_ujGi_822DZQZDrM-85meL8HCBgo8-AyZJT_wl9JwmQiNiqP7HXo0-ARByUOLvB8WuFeY_6FMGj3evbFGA9mqnW1s9QhxeS3kj6dHfinWEOBlMK0pyb40D62ne49rOZbrM=&vjs=3&p=2&fvj=0,NLS,"Experience with algorithms, data structures and software design is a plus. Currently they are looking for a Devops Engineer to be responsible for building and..."
Software Engineer (Fresh Graduates are welcome),https://www.indeed.hk/pagead/clk?mo=r&ad=-6NYlbfkN0CSte6oGGtDxh-7fhYpl3JUF32xG07cYNaxIIfxptA_Wgi2_nEAFSrMbNj1WHu8bcwsO6asyFw9siAetmCIXF6LtTb9bq3RQLnXAnNBxYZoftibHrh75XIoCXhH7XdUflzvwGJanq5GR2m2Bh14zpjhD4bqx7PEQq3qQR6gyq7Oy3DmKBGwQZYLvaTDBg9j2PUEb26UkR1StmEnZ9HcF0oErBEQ_3i1BKh3Ozle7d2wLe3T1TCEFb4M_NU_DYOYWaTnVB5jWNp2YyOtty1XLQrCtha4aVj0jwet55BHAmvHcC2e-0eO1vaAWckC2G7HIXCPdJuV7hplwTdDAG3qhvec_wadB65y0ISn7xMQfiSG4Eb5eWrQ7ZKbqt4yGqodsSpzXt_Fn2sKvu38tKjDQP3bmstYwLZeD6GvodRvRyEBIZbGnVIcL44i-8Y6GQBOucrAzmI1QfzC_YYVeGoP9wb0fv8w8XSzcQh_f5XciNBzaGpKZKRbplwVCGBZqGKgz8J92u3qcknBbG9m0NYZC12QuA_bT3aWsRbRFB7ruMMCMY9ShJiSDvlOkULzoOQFF1KtbG1WAlHZqqDa6f0IxPywnBDfziU3CdjoLr2rpCgNZAbJIsy-VsD1PaYEbSxi3u906WhTuOnAUDd-6S8ZEE9wDzsw0X2yraeVTYaju9bywXclrKS9KBqK&vjs=3&p=3&fvj=0,Oceanx Technology Limited,1 - 2 Working experience in a software house or solution provider is preferred; To Be theLeading Enterprise Information Management and Delivery Solution...
Senior Software Engineer (Fintech),https://www.indeed.hk/rc/clk?jk=4f67b1692a08f68b&fccid=7e57982cb894da40&vjs=3,Classy Wheeler,"5+ years professional experience in software development. Solid understanding of core computer science concepts like algorithms, data structure, software design..."
Software Testing Engineer,https://www.indeed.hk/rc/clk?jk=61e44971d1c2d001&fccid=9146fc7185220daf&vjs=3,Melco Resorts & Entertainment,"REQ822 Software Testing Engineer (Open). As a Software Testing Engineer, youÍll be responsible for increasing the quality with which we deliver software by..."
Service Engineer,https://www.indeed.hk/company/OneAsia-Network/jobs/Service-Engineer-5e748dd5564bce3e?fccid=e03de5bf389cdf80&vjs=3,OneAsia Network,"Perform hardware and software installations such as:. Partnering with the technology leaders, OneAsia is able to offer a full range of cloud computing solutions..."
Solutions Engineer,https://www.indeed.hk/rc/clk?jk=070bb4d928a3ef9c&fccid=4d3f4a82e1bbf0dd&vjs=3,Laserfiche,Deliver first-class software solutions using a combination of out of the box Enterprise software and custom-coded solutions tailored to an organizationÍs...
Project Engineer / Assistant Project Engineer,https://www.indeed.hk/rc/clk?jk=919ec725342acf7c&fccid=82d8e89275733121&vjs=3,Lam Geotechnics,"Strong software skills including Microsoft packages, hand-on experience on modelling and drawing software is a definite advantage...."
Technical Support Engineer - Hong Kong,https://www.indeed.hk/rc/clk?jk=abf64f45f516153d&fccid=8fe532914ac012dd&vjs=3,Options Technology,"Desktop Support Engineer _ Options Financial Technology - Hong Kong. Provide first line support through the call-logging software and on-site, as appropriate..."
Test Automation Engineer,https://www.indeed.hk/rc/clk?jk=919b642b495dbd63&fccid=75c1d432a66db773&vjs=3,M800,"Understanding of Software Architecture with focus on Reliability and Availability. Design and automate test plans for mobile apps, web and backend applications...."
Deskside Support Engineer,https://www.indeed.hk/company/TalentQuest-HR-Limited/jobs/Deskside-Support-Engineer-8fe4c887aea7de12?fccid=2880424356f666e9&vjs=3,TalentQuest HR Limited,"Troubleshoot for hardware & software, e.g. desktop / laptop Windows OS platform, Apple MAC OS platform, Microsoft Office, Anti-Virus, mobile device support, etc..."
Field Service Engineer,https://www.indeed.hk/company/Honeywell-Ltd-Hong-Kong/jobs/Field-Service-Engineer-cc32f78a9e98678f?fccid=fc94638efe1ab0f9&vjs=3,Honeywell Limited,"Perform system design and execute engineering works, including software engineering. Experience in computer systems, such as, Microsoft Office Professional,..."
Safety Program Coordinator,https://www.indeed.hk/rc/clk?jk=c91390f75e16cb74&fccid=36e3ef2aedb91842&vjs=3,U.S. Consulate General Hong Kong and Macau,"Facility Manager, or the Engineer during his/her absence. Software, database management, spreadsheets, etc. Must possess excellent written and oral skills. U.S...."
Back-end Software Engineer,https://www.indeed.hk/pagead/clk?mo=r&ad=-6NYlbfkN0CSte6oGGtDxh-7fhYpl3JUF32xG07cYNaxIIfxptA_Wgi2_nEAFSrMbNj1WHu8bcwIgYKpMQ9yCejG2XWqzpXlRHchzNsnJZYmSI-FdnkV3QEGP0I9bJqIZaATmeav8FicGjAomNUrulMLq9O-9Cp2G1eiJxiwNW1lv1yGELv0uuSzfpZJrCobJheqr1jtUnJPf1mAlwX1Ur7D5MRm6pX4tYRK_XX8eethrGPubvueyTgs7gdEs40y3ZtnQuEtL-4fkSJTwFVpNAMrIEHKxSrvzgnL5JdlHR7-EQgTxlZYazPpjhm6dmoi9g9NvZ1LCNMq7MCMeDmraKYWiY87k9k-yKyAoJMLCk16RNapwB5lYpDu8GawvwcKuEUaEEwGSI06NjMLl5ISk_c6ulr1Wa2WiqtKw0Uyz--vqu8md8GhU6zaQokfuNRsFXleKpSempwokT_z9NHq6vU_yeKfmbNFw6gg2OeJIWnPmrLZ_9IhWc4YnKlRPNVO91g3jy0wJg8rx6jzPG_QpBtw5w7DgVXnq5Zj8PI019eTebbEzUoizhuyPnEIF7lgNAZWunyYbh8XC4Ay9BFzjUaEbrYKbQeeVlzFKcj2yDjvUDyjcvH-i4djty_ns5cKFmfVU8kJOrotgypHn277unerYGNY916-ve13mQutZTc5K9zRt5sT66bAgx03L9in&vjs=3&p=14&fvj=0,HK01 Company Limited,"_____________ __01___________________,_________________,___________________,__________________ __01______________________,________________..."
Senior Full Stack Engineer,https://www.indeed.hk/pagead/clk?mo=r&ad=-6NYlbfkN0BBhZYZZ7bY_Q2-fWzXB8nQYCzWpr80zNz3fSsAHgtb9q-7wlKkIieoG85tHChHuoQ7bb7bx0C3aWsTjTfTjxSKOWt47pqHhYztAViH9uaHjwyNWwB33MmJFk6ynGyRJfs_wP5o6_qCrqn9nQw5El8hlKQvAk4xyBdz9EUs_0Xtkrtt3f6_mR0EzZkC9tlXQw8jfLFfYdUWY_W3fMCnLG9h7T06iuWvSW99IfTSukkI138D__-5pOeuDxfY1b4KIWP13S94QrTmwceoi5JUkeVf3AMhpF3ZwuXL3QCjQ-CPGiSKUA3WTXo5aCpFNUofcRw_LxWAHbMETYHH0LyWwli_-SydixJgx1jo2YaPX7ciSevBJYJb3db61KE_vrFwXhoiQseHnLAf8Jm82POd5wTZ-ophkIDfK0k8EgP9pzTZSQIulf1NZdXWtil5Ci1dp7rnZJ5DeJUs0epwnfVNKc-3XBPRTo4Lw8TsoaWJNITI5E_4bF5J21Rlq3PzBc69zwsDsm195sU4l0pbb8QnFrw7cuXM_rmX6mLo_VKzNJ3NUivJyanvoFaF-onYERRopp37R_yOky3l9xR2YimcT_7H6jndhovcKa17pEp-9OsExaXCPkf1lHcY5QNpgh7pAssrPJvAx4Ts8POWKyw_yocu44W1pb6CiNqpHF9q-wcx5HD-irD5uTlUsABp1GMiJDHUmv8Is3d6szUQp34fHggZRojxDdmKY1HIM6Qs2l7Lp-wJ0Ysxq7Wr4n4tYY0mhPDs2eZajKCNZHKF0F5ujYDUcDebzXAD5CVD0TMhNICVSgpstPQAXcdbBsLBRqyRCRwsKi3iZdhJRuRhPy_FampI&vjs=3&p=15&fvj=0,Aptitude Asia,7+ years of full-stack software development experience. Working experience with Agile techniques and approaches in software delivery....
Financial Software Sales - Hong Kong,https://www.indeed.hk/pagead/clk?mo=r&ad=-6NYlbfkN0BBhZYZZ7bY_Q2-fWzXB8nQYCzWpr80zNz3fSsAHgtb9q-7wlKkIieoG85tHChHuoRONlbUDduE029I8U3-jfoC2OidhPT7Ks55W4eJ8bufOCVRtA3f5JAIJ2ommdXDhAXk_uoasrcv-GHwlW5XNjps28d1-WCNToeiphx01aQb9hX9Gh_Q_0k7RfbciHrpsTh1GHyi3tcei7G09qstpdf1TYuvgJnj2Vgi8drH-m3Vz_il9CIGhWKTbgiyTUCH-izX79mCn44hUSIc-fAPJ-k7w-WbqF24DrLbAybB_m4hKB6oOBW8B0zTOlOdVP5bWHFq5tGO8TvBUbw5fTOuoT2sXOA-o5QvCT-r-DPWS8K9nG53MWSRX_jEx3eWESAp14ulgY7K4Ur0scIXHI3txvz93bA35UJpMI25uqg4IvoXx1PnyIg5C3VCfpkptEczyQOze2ggdAYPrxFvwES3M2bAGk34gUHeOiXs_PVH0XZ2ALCponv8tAaqaYBnW8iDkYbNy-F_oU5l57L4DRcZJCe4oaadVAsMblRCr5eE03rhICgfYyAqzyq0guy951wmeYQe9psrilqSudeItGavGXgXGF5BOuZ9yWoTQxtH630zWmjiEehjND7MPKisqQwE7lvP9hiYp6NWtYAn6H8-6vgzyCBTwPjkcBVCB8zCdQW7XqO8MCtaIgDNRe-M_FPfDDn70b_RLzDQokrTeFBJG5ygKMy_pL3aKuq-ytUO8PX5g8kKfReFoudDvxj-SRuvvJ5pfyUNOcBS6YDiDM0RvSKxpSAB5R-N-MCfjIUngLby6M70g00SMXYheF4gQttpWHpAwOaxxM7ggXM5dUyvsXQK-XmzZuMx4Co=&vjs=3&p=0&fvj=0,"BeathChapman, EA Licence No: 16S8112",IÍm sure you already know what a software salesperson does. 5+ years of selling software to banks in Hong Kong preferably to heads of risk and treasury...
Software Engineer,https://www.indeed.hk/pagead/clk?mo=r&ad=-6NYlbfkN0CSte6oGGtDxh-7fhYpl3JUF32xG07cYNaxIIfxptA_Wgi2_nEAFSrMbNj1WHu8bcwg9Naab9KVyz_EJub9sNBJTAUoPHQVGRcmkPnnR5h1KOqt1-367xy89uGr_62S_os5GsmBWOyzFNXpFIH5m1LSHD50KGZV-CTOVhX5QGpz3x4ieCGR3VWiSprKCXKi3SblwDIMJY58Bi6ff_-mJjmuiimnvzzvsL_xqCEr3fGqlCldtcBcnCdsjFj1Gwgc9pEzDPj0pkORWFMIPZcat9aYmIVH8jIs0tjvCsHnPmfNp7TYoS1SRjT9fa3rHxgDS6pEVe57J2IMVlKga2A1Rm3HNj1CjpM0Ukdg31bt8aJDK0TBGbdveQ0qbOY4Hg6g_6smqF-dkWHwskhD37p-dq5jlGug_50o8b52Is2AdEJu7aoB22Mx012Rqs49PnaESdnF_o1HAVP24R3JEzo-u4z4dkKXu8DDSaBz4kLIy6lODgL3H1XgaNYALfInnuCLPiqfRKxEBWfeTgIx28IG6Cl0qSFYjqmM-9ohoF8CULrH5qCrzDxCjHsY7XOmQeQVJNVOoluU1Ynggy7YeBRnHiczZ8emgwtoQehJKm1Dmb4W9URhW9JcVqLPxS49BQpw3T6VbQRlcIuYSO0ZJGB4JLJtn8QzPmFZKhf52nGCrFUdQuk6OCaUKTO4HF0q3_WAx6E=&vjs=3&p=1&fvj=0,Defond Electrical Industries Limited,Minimum 3 years experience in automotive software development. Develop and maintain software requirement specifications and test plans....
Systems Engineer_Mega Company_,https://www.indeed.hk/pagead/clk?mo=r&ad=-6NYlbfkN0AMuD6leFL2LQyShjXlW-_0CmOvDvwZ81xsEIpB6r-nL_yWVFyNGcKud4N7pUx71AcozYmmOddbYoBC-r6tHkeAG8yvtiU6YqltND7xuoDMS6129_uz1LwoVp_UkZF2erH6aQGDxMeYt1E8ezlqtdvoVwnniVVQRZrXcGukJo4_TZzx6OSUuMr8Q_gUbAuXBBrVIz6iVI5PV-ZG0cGw0w55FHbxe0mx8mi8IUCtGNfqomElbKI6HZzGkl-5XYfCaLdTsWrNcsRc_hmG88Iwpel8I7-B-xKI5rS20Ei0jF6AmdtPraNP4-dVyTHEY1ZOa90NTSAbHddbq0xvdKB-rC1viVvBZvlQMg8u6CVt7FiZ7N2m1Y8Z9AeMvFdM7HmdaWn_gY7AslCwvzUoHRHZJl0iGNM_eeBDVg1GFN4gsJHsuMoEYuUt3mT3j47rRWNPDGz3bhbhZHkTfL8rWutSjVHldNJuJCAi6lbKtktbIZuSbUS_bqRWFyh5QURwwwQGOvc5KaPYRN3Kfg3svhXgMyWywYzST-bXQCKMZYqDJl9eE1mId-Xij-uVdKBdlTX_veRGtc_gNyWV1KnNQVc0fh8uOSHyswn9bco=&vjs=3&p=2&fvj=0,Reeracoen Hong Kong,"Security Engineer, Software Engineer, Software Developer, Pre-sales, Programmer, Hardware Engineer, IT Executive, Systems Analyst/Consultant, Project Manager,..."
Open to Relocate*** Associate to VP C++ Market Making / Algo...,https://www.indeed.hk/pagead/clk?mo=r&ad=-6NYlbfkN0BBhZYZZ7bY_Q2-fWzXB8nQYCzWpr80zNz3fSsAHgtb9q-7wlKkIieoG85tHChHuoQIlR0m4oj1KbFE8ll5U10HZlCyuBvVo86UIYx3eGlEt3TRjOvGgSOAx6GMAeFRdimZKaLx7v_v1Eu5der4wJJOnmTt3-88qqq4BCNNZBePRCYu2gOSKGGyeTx4lLM3-US4brMf8uPuDPWgkuB6KOdAUO7tQ3SQVbxHNCkr5zqhIHQIOuhh1az_-xRWthqPk-R-HWiDWkEo7LY0AA5Mod5PJD2udtXhBjMmftD3GRks2P_vz8upoCJZlvEkzdoCWz4gvLYWuDUGPvg16yAmFaRYxvM0LfDCkBU_YpKE2f1oBiNmTXG0kR9aIuJwtbpc510ZDsxqf4klc7RVBzwpoads0n7pAL2jP71NCXKuSBWzdF_XtYnYWHydZuKCLzKwi5OQ1Vo67qe-yg06QHe51lmTUTodVZkVMlwLUAPnrneSciLILdlNxuuClZnLhF-KL8-is8uxV8Ce4u1UCCWKJYccVIwoaYZvZeMhQXgzUlw6aLrLbQSz5P1pZyYJxOPZPjqYkUGr5hosc1KiR5CPGm6KcOMSN6pTszrQTLukRkuTHBxbx9GI2a359Qtbn0HR4HiQ89KrkNy5ZbIZmziBAqaiZ4RAVb996n5fmcwAnjB5OFXvEXYlTtJ-q30q_ODJtEK3__NofHvKt0ITx_VZ7VJizMLvaxC8LAyd48SNScwFnX9uC5QE2bbrALz7FEnzRVmDri70WyvYqcLGaZnCz9yPV4Z-hF8V86Ebu0GD0pzk-dvtMyEy1NdLVg4G92fpw-tp9y2Zs2GzHpzewNEnYyxefzu0lTF_rmnncKFUDkxBGULh75jnckwNn805d9NJyWTzmB0SvjeBnu4yfV5uNUWu5PO0b-t_7gNkETMt4whclWiXdbtBGHJSJ3kqS9uqca0Z8VMlZDneohJnZGwkUMfi&vjs=3&p=3&fvj=0,Allegis Group Hong Kong,"You have: 3+ years of experience as a developer, familiar with object-oriented designs and common patterns Strong knowledge in C++ or C#.Net but willingness..."
TECHNICAL SUPPORT ENGINEER,https://www.indeed.hk/rc/clk?jk=da61a7a8e17d927b&fccid=651efdf751108f25&vjs=3,"Epiq Systems, Inc.",Liaise with client for software installation and clarification of job requirements. This is a varied role in which the successful candidate will have the...
DevOps Engineer,https://www.indeed.hk/rc/clk?jk=2e844365538980d8&fccid=75c1d432a66db773&vjs=3,M800,Work closely with software developers to deploy and operate our systems. Help automate and streamline our operations and software delivery processes....
System Engineer,https://www.indeed.hk/rc/clk?jk=bc982819d9991cc9&fccid=4bf73968abc6891e&vjs=3,CITIC Telecom International,"Work with Vendors on the procurement of hardware, software and license. Play a key role to design and implement Public Cloud services as well as SAN storage,..."
Senior Software Engineer (Finance),https://www.indeed.hk/rc/clk?jk=b4c7ab5894536b12&fccid=f4bb736750dbd965&vjs=3,The Hong Kong Jockey Club,"Working experience on project management, software development/maintenance, implementation and migration in fast paced software development life cycle is..."
System Engineer (Windows),https://www.indeed.hk/company/ajob/jobs/System-Engineer-3492593dbd0a3bf2?fccid=9d8c6ee437fd1913&vjs=3,Ajob,"Manage centralized backup system software (e.g. Troubleshoot hardware, software, networking and configuration problems in PCs, notebooks and network printers...."
Deskside Support Engineer,https://www.indeed.hk/company/IT--ec-(HK)-Limited/jobs/Deskside-Support-Engineer-0366cf313b598370?fccid=d9311331107912b5&vjs=3,IT-ec (HK) Limited,Good knowledge of computer hardware and software. Perform upgrades and deployments of software and hardware....
Devops Engineer,https://www.indeed.hk/rc/clk?jk=5a8c3cd98843725f&fccid=6fe2c33d76238832&vjs=3,BOWTIE TECHNOLOGY,"Experience with software development. Build automation to execute common operations on various AWS services such as software upgrades, data migrations, and..."
Engineer II,https://www.indeed.hk/rc/clk?jk=3080f6845c19b750&fccid=1ee4ec4da71f754d&vjs=3,HK Electric Investments,"To support the technical and software development relating to metering systems. Reporting to the Chief Meter Engineer, the appointee will mainly perform the..."
Senior Software Engineer / Software Engineer (Web),https://www.indeed.hk/rc/clk?jk=3113e68040b3329b&fccid=f4bb736750dbd965&vjs=3,The Hong Kong Jockey Club,"Less experienced applicants will be considered for Software Engineer post. Minimum of 5 yearsÍ information systems analysis, design, software development and..."
Software Engineer,https://www.indeed.hk/rc/clk?jk=7f4e0609735bb35d&fccid=b534c8c26d28f22b&vjs=3,Beautitag Limited,Job Summary A Node.js developer is responsible for writing server-side web application logic in JavaScript and/or variants of it. Node.js developers usually...
System Engineer_Up To 35K_,https://www.indeed.hk/pagead/clk?mo=r&ad=-6NYlbfkN0AMuD6leFL2LQyShjXlW-_0CmOvDvwZ81xsEIpB6r-nL_yWVFyNGcKud4N7pUx71AemgDgHz8g_-Nqe3chmsa4bv-mkJWh6sFngX1bbXOy4k_QIPtAjmxBUVfPdOBmYhtF6OZKOSUuEnzwi9QbDfU1ADAlJakVbNnvtltg4moDGAUjz8usCBGKvQr40UYgi5sBxzwrib32BvcPl1Q59yvgNUHmSNF3wz0-UEvA0DaQuIclIUMMwezbi8hNahNu08UlMIgwcAxNtFwwjpSJDFTthwtP_1UW5AvZQgk_8xgUt6XEwBS9fS-TkmqTpnDgwGLC_07j3RjxhxDXHJPpRBWAi0oOdn2FjY1fvKM8ECHb_WEJ8dee05ucMv8qc0BM7rlhnAf-l46ipFdrut9uMWiXmqqsjUx0mYQukFZy0XfYj4eUHclmWF-8RBZPLHJ5zfIV21ZDgW_DOk6nMv5UvhS2AhifsDmCnPrQFUwY1fn7fpR7wSyYfhm7e43pP3TtSByF88th5C7Crx4fDrkUkC-T8JqoyMXUK_V291cq-ybwXp30kWU7Qq6yt-BVi0FeBqwRV-RTpajb4D-eLWoQPnSiuBZC3J_z9wWY=&vjs=3&p=14&fvj=0,Reeracoen Hong Kong,"Security Engineer, Software Engineer, Software Developer, Pre-sales, Programmer, Hardware Engineer, IT Executive, Systems Analyst/Consultant, Project Manager,..."
Data Engineer (Software Engineer in Data Engineering),https://www.indeed.hk/pagead/clk?mo=r&ad=-6NYlbfkN0CSte6oGGtDxh-7fhYpl3JUF32xG07cYNaxIIfxptA_Wgi2_nEAFSrMbNj1WHu8bcwIgYKpMQ9yCSJLYRUAPEMUOrtspdyf6xcLFp7xDOcxgVxWmy47F901-6ksbZMytuoG01c3KDlZ2IPNdmmMbajaldrS1ftFBChwQLdsPLhCX5GlPIH6U2_-YumDvLgwVCx39E2RNlpdsJ5V1rNoZ7uOral4W_p7rVByihSubAsRZKCknxc3Sd09eCIpuuLK4Vi1y439Knr7PLa8OXb3UtdD57OTIqqJ5QkU5gheDU0JG6iFcHz6rq2sxVpFgN0jI8CrvOCgUFzJLIo1TpHhzmVFjImJNea5oWn1r9JhtqJLhSeQv1Yyo3J8PhT5WsYhDswc2qMq0PUR3l_lEu1x_XESKtlhoofWNK9xrEpBB3bX8aoYrfbbcCxbNXb9ejQWICWnsBVVwN8qybl6EXnxazqT9ZirtTb8j0MaG8r3sgbOEMEwt2pIY-0apx6-uIrtC0wtBmkjQYOQoNit0v55jZHxh1ccQodwfO7dqoNokQ4TMVxghfWWgsbxAsBslV_vqMf1YrBnWWCXsq0jt9QXGupE1Is1h9v4dOiyVl9Dgf_-sr2rJsDkbM1vNZ7MzDvWsS3P7g2cp_G2cKO8Re4mBgMIIf6_beJjomq_aYmDUEuMmImXuhBwjjp4&vjs=3&p=15&fvj=0,HK01 Company Limited,"_____________ __01___________________,_________________,___________________,__________________ __01______________________,________________..."
Software Engineer,https://www.indeed.hk/pagead/clk?mo=r&ad=-6NYlbfkN0CSte6oGGtDxh-7fhYpl3JUF32xG07cYNaxIIfxptA_Wgi2_nEAFSrMbNj1WHu8bcyxRd0Fc66DhjafB2FP0XadjACZd2Ad-afkYVncvdmRBqLBnnU8bQoYmzUqj2lVcmn4NkRxVB8R1_aBtkfGuxjOAusM0rRUR5xv3OmFOry5l0quf6Pic753lGGshybxOiR4MmAHIzfmzji-rlp7DRfNjtcMQA7iC6VQkgGWcah3_WhDt1Wyf1v9Vc4L0luu_mqiaHRF1sBlueEMX6GLs2ViqpBa9Gc0OWfiTljWuUaGIzULLY6O0yvyMPqRVab1cju3i5vO9UkxU-DdsLWzWBawUHthrcqEOcWpV_xlTLN16_I1MfJKjd-lJ8s4zok0kqjIvMY3mDQYeJ2nWFyvrvQPuQuSqO93vUqWmxTCESPjIFqy7KnwHDu8DP6ljS8b8r19kER9WFL2fmlAThAAIo__JDOi0Xk2NvZ1LyDvKDHvmvYuWBdvVzeGr1h59xmwXlrlqNWNLXiqt3X2eik72ymPrysiD68ovcC8t0AqvN3krGKxtlEy1KLme05MZ0ORJGWhMDHo_PvHVysPlJ6MN66160_oJMUYmGXEzBXQs3ZEWbBrkq5yuR9jcrhxhuEkhoHUwojH6h1G4mYyJfxw06kkeiSxBq1oNRV5KoECAm4Wzbpj42Fpffpj&vjs=3&p=0&fvj=0,Million Tech Development Ltd,Million Tech is specialized in providing effective and innovative IT solutions and services. We have been serving a wide spectrum of customers in Hong Kong...
Software Engineer,https://www.indeed.hk/pagead/clk?mo=r&ad=-6NYlbfkN0CSte6oGGtDxh-7fhYpl3JUF32xG07cYNaxIIfxptA_Wgi2_nEAFSrMbNj1WHu8bcwBRk7RESyS02WBwwLsDptbAbZA372ikknQNGJ4PqeJSQRkKAy0C1YM60IYH34J-W-sBZ69BMsMzgEKWhu_mcUzAp3mNDiem-qDrkvCc-PYp3FtDBSagwiukPUrnCiW_Qo47UrBFd_43bAkQYDB1VBqBKs0qXJoqehjzXFCwJvLnB7qtF2A9Itp2yrI3Q-zNSxSU1foXu9YEvn__4dCYtR0T0Spry2EnoQfqNcYyLOBgCcoEYAl_IHXYtIP0Y7foe5TYOghQm6EbV19PSofBntl5SheJH6LAwUnopOv1_6D99X3IuuOIeicdK7sDn5iWIaHjmqdcHxdY3hAK4R4MJ-CG7Xm3POIY8iQiZdkn3qb6QclnV5zTxm37gIUIDix9YBMLi7fAbPJRw0FFkuCAz8jOiaPduBqPIBrCTtonVuSucv1Xdy2aPDuTW_7767pM-JYDClO2xJc6O53SIKc717QeGq0s-06AMgdK-c0AbYyLILnMgK7R-TcOWhF7B0f9H1dfN7XqQamu7KE09YdYZVH8w6sYX4AAxErUXYC5c2fUKSTSX3XH-srkZ1gVrB1ZaEfa7m1E4GjMSbu_dDU39V3MzNQ1pSPZZaYnAPwoAbusE4DfmnmWiAd&vjs=3&p=1&fvj=0,Sanwa Biotech Limited,"The company was created in December 2012 from a core team of founders with entrepreneurial spirits and cross-functional backgrounds in business, biotechnology..."
________!_______,https://www.indeed.hk/pagead/clk?mo=r&ad=-6NYlbfkN0AMuD6leFL2LQyShjXlW-_0CmOvDvwZ81xsEIpB6r-nL_yWVFyNGcKud4N7pUx71AemgDgHz8g_-BMPxMB4b8el8eZszMhL9yqskBG9zMb-7KCjdkSniTOAZWnGEmAmeHLTxBWf76Uyhmh3sG7lGiiDK10SdfAyjEzBJhyCgqQuX5NGd-KO7DV1KWiRvWR_Kbu7CHa_NsiSaFyEp3DxEjSpqQ3BS852pmCmS9-35ZEVbgglfJB7YFntSTIc16_YGMx5-_HY_tPYRZCiUlo3ZDESJ6m2AsCBb4NUf5NJ7c9GlK56m9OZdJX1iq1xhO0zmj4B2_bxgTPcnGHIy6Iy3lBdz5PIH08PenJbbBN7E-FSakcNeFkGluFdcGwaz0I1KgfH97bHlCxsSSo_spP_oF475nt_vOh86kg1ayPopZDGwycCZYrTvA9PyKKDkJ4JxJZ90Ul8L2PEaTMaIEEqz9cYso4iyKGmmLLeDLYM0SOz8Wks3frgzFm3f6Rg8gJ1rvl1HCLjc0xBiltIdeA5q_x4HUG9hSfMGLfAKH4DlhbUJIJKkFAWNAdpICcsBShMCszwDbjiuhF9R31mAxSxII38TjmJeguzsA4=&vjs=3&p=2&fvj=0,Reeracoen Hong Kong,"Security Engineer, Software Engineer, Software Developer, Pre-sales, Programmer, Hardware Engineer, IT Executive, Systems Analyst/Consultant, Project Manager,..."
Senior / Software Engineer,https://www.indeed.hk/rc/clk?jk=e07f84a5db60866b&fccid=d24ba5477c6e96e3&vjs=3,Midland Realty ____,Less experience may be considered as software engineer. Cheung Sha Wan....
"Senior Software Engineer (Java, Server)",https://www.indeed.hk/rc/clk?jk=4e08cae8903bf78b&fccid=75c1d432a66db773&vjs=3,M800,Job Responsibilities: Design and implement server side communications systems Prepare technical documentation on server side applications and system design...
IT Support Engineer,https://www.indeed.hk/company/Recruitfirst-Limited/jobs/IT-Support-Engineer-bda8b81bba6b64f6?fccid=2dadb26f41954e11&vjs=3,RecruitFirst Limited,"With experience in network devices setup, PC/Server hardware and software application support. Perform user support including PC hardware & software..."
Senior/Lead Software Engineer - Application Development,https://www.indeed.hk/rc/clk?jk=7ba8b093224864bd&fccid=c11a74da6e2c9af2&vjs=3,Lynk,"As a talented fullstack Software Engineer,. Strong software engineering skills, thinking in framework/platform terms, setting and following functional..."
Project Coordinator,https://www.indeed.hk/rc/clk?jk=d25271b7ccba8730&fccid=7e57982cb894da40&vjs=3,Classy Wheeler,"PC knowledge including Windows & MS Office, including relevant engineering or design software such as AutoCAD (preferred)...."
Senior Software Engineer,"https://www.indeed.hk/company/Urban-Spring-Co.,-Ltd./jobs/Senior-Software-Engineer-60369e9e087b0958?fccid=a231b900c6037f9f&vjs=3",Urban Spring,"As senior software engineer, you will lead our DevOps, as well as implement various software and firmware as part of our Product Development team...."
System Engineer,https://www.indeed.hk/rc/clk?jk=bf70dd492a7a8613&fccid=c3c72b2ae929c5ac&vjs=3,__ Pricerite,"Handle helpdesk call service and provide IT support to the users including PC hardware, Mobile Device, Server, LAN and Office applications software such as..."
KERING EYEWEAR Industrialization Engineer,https://www.indeed.hk/rc/clk?jk=65b9b9e5f310acdc&fccid=2c1ebe710125ee82&vjs=3,Groupe Kering,"Good knowledge of software such as AutoCAD, Solidworks, etc. 3 to 5 yearsÍ working experience related to Engineer, with eyewear industry experience would be..."
System Engineer,https://www.indeed.hk/rc/clk?jk=56971dd0c36802e2&fccid=23d8faaa65d78b5c&vjs=3,M Global Technology,"Provide hardware and software installation, system support to users of local and overseas office. Supports infrastructure and application security services...."
System Engineer,https://www.indeed.hk/company/OneAsia-Network/jobs/System-Engineer-a121ea0a73b8b33c?fccid=e03de5bf389cdf80&vjs=3,OneAsia Network,"The principal responsibilities and routine tasks of a System Engineer are as follows:. Install, maintain and update the operating systems on the physical and..."
Test / Quality Assurance Engineer (Software),https://www.indeed.hk/pagead/clk?mo=r&ad=-6NYlbfkN0CSte6oGGtDxh-7fhYpl3JUF32xG07cYNaxIIfxptA_Wgi2_nEAFSrMbNj1WHu8bcwg9Naab9KVy4gxYMYdyR-cM967kawfpzNp1yFsA1jKs54M5PK3MDDg3saerxV1RVHaAH91wxICDjM32KoVHwzj-KkJn8PIJ4hZMGiONMwa8hu9ukQLyXLaqV3xg9kkufQuMBw_8SVi7L-kHQOV3RuI0Y0lYCU7DB5GReJ21uDR46eYKzvUrmZCR4pZ2yU627nhj6LG5t1bJuy0rnORzkdA9a3tHDTJPIxWvSkwMyCTgL8eY-DkpssgKEVzQ1ZkSKhqnCjhDLFgu2XmUbXYDBSXqigwupUlsjK_kn7ImnXD8ISOtX2r3qpH2FvEISgxXD4pKWjhN41xCuSU2_EG6RdWFhsKwCsIxhHoz3MMnbTQRVNf-jSD8aq1kwiYgmti-ErbGyEovknNT4lHRQIwAC_gg3-7ZE19kD-Ba9o8pj93bA9E4aEuwPl6OMo3ny8r8Kw5Bx4gRJjFYa28PUCj5KAdrO2DfvRIcvLXv8EatebjQ-_LdioFiS6DUZxTcnnMGicyQ1JP7evTfvJZ7FxO-UfeaJD2vtRCcfaAafmXRej5NaIR7cpF7gxX1zAtS38jpVxfvTkdkU_9CkFWGtAWgrXR0po-BrekPNo31HdvUqwjpz8lV9m_qZL12LR0YqkNY0w=&vjs=3&p=13&fvj=0,GDC Technology Limited,"2+ years experience with functional testing of system hardware and software. GDC develops, manufactures and sells media servers, content storage systems,..."
Software Engineer - Frontend,https://www.indeed.hk/pagead/clk?mo=r&ad=-6NYlbfkN0CSte6oGGtDxh-7fhYpl3JUF32xG07cYNaxIIfxptA_Wgi2_nEAFSrMbNj1WHu8bcwsO6asyFw9spgzXb_t45IDDhrx80rQDb8ui7iwY1LsgKWjsYk2jmN3Qg4z-9IZKVYMr0AC5xr8dNzP_ZI01nZ5kQUSYCqgG1h5FB0WEZlp1PoB4OUKP1of7LlRDnPwBFzYD7863X3zRXpzjNdoXq6veSJ56Cerr3N9bCMVr4501cOJLKuHV8d_8Laju70QnQyPT60ECJ3XhUnRIdTdpdmW5n2vlgYDCwAasSgn1BT1clSB-bpc_xmeX1SLWL3mT2P6Kgb3NXiLWohgKyqTXpmwmVOtBlatUOSwWMOLJEM_GhaS90suAQvaW9IDdzOJ82F70X1nHEhjvORuuBPiFyaRwDP6jrz66_vywnngfZxM9n0PYkI9dhwWMfzdhsparg9CGsNgeHBOQmMjWKDYZYqh9dh0AOLwpGBrHkjPKxYFMkjHHf5aONYjCfo7TP9C-4kp34CuhUaBcCdHLwNiCIvuzEWQa91v2TbCWuxuf0Bf5GPDo0s_k7D2tStTuax4sVIAGIMrQdW0rji30QstrGsiEa-OdnnsL_8sC_CwcULS3hTVy6gyp3VXQQDHU8BeHJl1afWb1sCipjd9JthPR-ekrj4B1sjj5r9uQiizvjn3kM2lLg3KMIy3LXQFKUGTNzk=&vjs=3&p=14&fvj=0,Xpand Group,"Front End Engineer. This includes understanding requirements, building and deploying quality software. Excel in a self-managed environment, utilizing best..."
Software Engineer,https://www.indeed.hk/pagead/clk?mo=r&ad=-6NYlbfkN0CSte6oGGtDxh-7fhYpl3JUF32xG07cYNaxIIfxptA_Wgi2_nEAFSrMbNj1WHu8bcwsO6asyFw9sp4XsUaaDmlS5MvqxvckWdlJQZSoQlVWsYqtrH_gP0CswIIMlqmvMRefwBGtFDixz4Ych0RBXlsDkGn9uhYo5IOBCmFPdYEmbnP0DzNeS-pCvoJODjVVssE9MRZghJeQuS8da_qDPhPTWVKV4dwTjTwF2qO_dO9WUfEZDek2vKpMPuM10C2gFhgAuxv31tB4mIp4mAhrL5UU1Y1VRdXK_YtgvpKGrVrHdQerKWIV4ZfeOYdrTD8OYSs6m4MDYygcOWsolM6HZpYTb6pysXcmnmoXTpHneSPDCOUGlImmPRcnj36PJ1yXhOor-vZ1Q0mqyzc7PXQNWffhW3i7sW1MRjk41czyAEEujQcmv_2cL_OELCl1EQYAGTV7Eee5qTKsX2FnyXqqZUlElU5vJqwwGPp71huuo0d_ufpieT0xeE0DcU9yP_A9_LVWScN_yQaLh9ziucMQ_AQ5dh8Ndh_M3k5LQILW8niT_rSopO3YmowK33Qy4qQIT_61J-6ZiVMQqguwx1rUvJFpA3XrtNcs1DyHZFyST_yUF8XXwR1p7_WwbkTrTv22DG9ByAu6KPmU_9bu9Z1YgDCGbF0vy-lRsNAuDez1mTZv401H0TfJ9vciTqQe-5k6Exk=&vjs=3&p=15&fvj=0,Clover Health HK Limited,"As a Software Engineer, you will:. We are looking for software engineers that want to solve many different kinds of problems...."
Software Engineer (Ref 013),https://www.indeed.hk/pagead/clk?mo=r&ad=-6NYlbfkN0CSte6oGGtDxh-7fhYpl3JUF32xG07cYNaxIIfxptA_Wgi2_nEAFSrMbNj1WHu8bcwcSCURdOYkIgMNA9_ZBqwTTj0K4zqf1KxT7pjZQqUZX2u3IeBJvGiO_SCsx_mWj5Ngi8Au8Ew5YSn65HBRRg6xAcRi4TTV50h2g651Pl9hWI6iVBeUM1xBXApvJmmRj63FHTu0pP6fA-JoMwHsb5BSHBhVBLNILWDU4sFTjTw2QRNSLN7OQVhc32W9rfBIE6DrBudTlgixzIUVNdMx6Sq0K-XMIawl6doTpR1MmB01qH6JpO40GumibWxluZD-VLV6M4lSsvlfCPsxY0dSLntGbLFSvS3tLPaiLVfoDp5EgrR9bQnSPaXs8pd-4BROEtRnJo5k1rKpg1Xw0NETtiGKuhVzK95Zas-H8UQOx1dQYDJ0TKC9lPun6tEBAfpKrFe0QI8gJ0Nos8h8aun2UVTZ0I1hUyAPH3QvSqtdx9Ypguzh_HGf5vLZqnGTFDMjti9PXlPQi_43NSVUcTWnYvHvHc7mMo75bkZpjLixWL50062vgLPahvNJzykKEGIkI0j0BYUhRQxuZeZ_SiTVw5TVALUdC4c1UYAC7hEJULW8E6pPZQY_xdi21wLooUimcXubVvrS64b-YVzhHZ2WAbiQco5nUHH50lx9wBGyiKP0LQRV_1e83kdL&vjs=3&p=0&fvj=0,Triangle Recruitment,"Participate in all phases of software application development from requirement gathering to implementation, testing and system delivery...."
IT Support Engineer,https://www.indeed.hk/pagead/clk?mo=r&ad=-6NYlbfkN0CSte6oGGtDxh-7fhYpl3JUF32xG07cYNaxIIfxptA_Wgi2_nEAFSrMbNj1WHu8bcxMEGL9bw_Enu2Kqpl0rxh5KUd4SgziEyHij9GODVQ1-bam9pihgXKW7yqPOlDbUjLtsu7yWtsGcVMdQSfFgj-mC_OAoVm80IjGI4XPFwfY3w6HCHFzPRw5jqx2ZLKTxBN8r8D4wdhaiUDK0KoN3Ecv9DVglGasxE4q-TmKb7SazrpiQ3DOS_gNieEFnZRjEEQr7YHTzDQ55KYj6GH0P4A9PQF8_473u3Ef387bidW1dKi6Smgjpx5gmIwTeyo318DPGUssjRw184DTcD3E4HV7iDi0xpG8amUzk0OgU6G2vb2gUHZil8gqgK4zgDuhImE8XbLW-cNoNBnV67t-XDl6ijP4qbZI18EWiacv-muHz04yj82a9tuU6X-n6Z6aCpl7WnnQoMROWb2LY9ZzxUUn2U4YZe-qpuwhXYo-Q4dTA_bQy9DYVmXtSlu90bUI0QcvU2-j5tAQIIhUm0Lo9sTCdiTYNPTekaYlpYjWn_K5JiqQ9bmrKlJ1_GzuUfsLkesUq8rTq4E5lJXAuv-PPjfs1dfEv6aFFpJ8DL-BH5T2RTL5HnUrndI6LgcSu9V-EeeiEtqf17GiogC2Jj-J99tF_rS0abLXec9Z0El05aKVHYcp8Nkx4IT4&vjs=3&p=1&fvj=0,Wah Fung Computer Services Limited,Install server and configuration (Hardware and software). Candidates with more experience may be considered as Senior IT Support Engineer....
Software Engineer (Front-end / Back-end / Mobile),https://www.indeed.hk/pagead/clk?mo=r&ad=-6NYlbfkN0CSte6oGGtDxh-7fhYpl3JUF32xG07cYNaxIIfxptA_Wgi2_nEAFSrMbNj1WHu8bcwIgYKpMQ9yCWj9nGJeGGX4w2XOJU91Qn3byQfqkwdRooleaN-7nWp9Vx8n2odpZOJCYM3jEFHXBHk25Kz3bcbYlFKdnWgT_OayjAG0znTN9iFJCgiPaLesW_BU0esktVK7HoohLn2s68_KSJRw_cVb1r2A8kuGc6sDJq6Hl4LdEpb6p1RD-23kaZRtV8OGrbWfiw3DUtCy9XO22sv987pOqamijVU3Zqi19MD75UAsVfR5HDEXZ-OyOx3Yy1Bjx6olROkdnquUanj0WoUPdhskM0Bd1Ka7QLmX_AjFWp-1CamBOhboUXA70heRyWk6pxInjzqIZDrrpiMK7potT63WVlfp6_8-LkIZnIAlN-RLpZqMmxqIW7KAqQXQlhSPecgdqC_Wa9hLvfwhvUpkrjei6p0e27g04f6tfDk3w_O5dBdlct9pGOBYOGjCDWfgPxJ7m8C1Cft3wPk8DX9spE6aJJ5PGcXhPSE8I8QhZBOv2ZkfSkynzkYS26m48Zo5Euy1h-808hOWtezHnbes90lrBzP3q2nWbyM8_bm2GnViBIAcpOH4_cbWElU40Bx7TO7ORC27fwqgX9PGP0h8r2kVsl7I_Je9yl70Rtq0HXGZS8MZv38gkcpR&vjs=3&p=2&fvj=0,HK01 Company Limited,(Front-end Software Engineer). Applicants with both technical skills will be considered as Full-stack Engineer. THE HONG KONG INTERNET LIFESTYLE PLATFORM....
APAC TPE Equities Application Developer,https://www.indeed.hk/rc/clk?jk=458d524a6d232cfd&fccid=057abf3fd357e717&vjs=3,Barclays,The developer will be responsible for the development and timely delivery of new and/or existing software and projects working with other software engineers and...